#디나루	HDotum.TTF
#신그래픽	HDotum.TTF
#태고딕	HDotum.TTF
-윤명조150	HANBatang.ttf
HYhwpEQ	HYHWPEQ.TTF
HyhwpEQ	HYHWPEQ.TTF
HY견명조	HYMJRE.TTF
HY엽서M	HYPORM.TTF
HancomEQN	HancomEQN.ttf
KoPubWorld돋움체 Light	HANDotum.ttf
KoPubWorld돋움체 Medium	HANDotum.ttf
KoPubWorld바탕체 Light	HANBatang.ttf
TimesNewRomanPSMT	HANBatang.ttf
YDVYMjO13	HANBatang.ttf
바탕	HBatang.TTF
수식	HYHWPEQ.TTF
맑은 고딕	HDotum.TTF
신명 견명조	HBatang.TTF
신명 디나루	HBatang.TTF
신명 세고딕	HDotum.TTF
신명 신그래픽	HBatang.TTF
신명 중고딕	HDotum.TTF
신명 중명조	HBatang.TTF
신명 태고딕	HDotum.TTF
한양견고딕	HDotum.TTF
한양견명조	HYMJRE.TTF
한양신명조	HYMJRE.TTF
한양중고딕	HDotum.TTF
한컴바탕	HBatang.TTF
함초롬바탕	HANBatang.ttf
함초롬돋움	HANDotum.ttf
한컴돋움	HDotum.TTF
굴림	Gulim.TTF
굴림체	Gulim.TTF
돋움체	HDotum.TTF
나눔고딕	NanumGothic.ttc
나눔고딕OTF	NanumGothic.ttc
Times New Roman	times.ttf
HY신명조	HYMJRE.TTF
HY견고딕	HYKANB.TTF
HY헤드라인M	HANYheadM.ttf
HY궁서	HYGSRB.TTF
궁서체	HYGSRB.TTF
한컴 윤고딕 230	HANYGO230.ttf
한컴 윤고딕 240	HANYGO240.ttf
한컴 윤고딕 740	HANYoonGothic740.ttf
한컴 윤고딕 760	HANYoonGothic760.ttf
맑은 고딕 Semilight	HDotum.TTF
DX새고딕 Std 20	HDotum.TTF
DX새고딕 Std 30	HDotum.TTF
DX새고딕 Std 40	HDotum.TTF
KoPubWorld돋움체 Bold	HDotum.TTF
KoPub돋움체 Light	HDotum.TTF
KoPubWorld돋움체_Pro Bold	HDotum.TTF
KoPubWorld돋움체_Pro Medium	HDotum.TTF
KoPub바탕체 Light	HBatang.TTF
문체부 돋음체	HDotum.TTF
휴먼고딕	HDotum.TTF
나눔스퀘어	HDotum.TTF
나눔스퀘어 ExtraBold	HDotum.TTF
한컴산뜻돋움	HDotum.TTF
신명 태그래픽	HDotum.TTF
신명 태명조	HBatang.TTF
#중명조	HBatang.TTF
HCI Hollyhock	HANBatang.ttf
